[
{"title": "Used Maruti Cars in Bangalore and SecondHand Cars in Bangal", "locality": "Mahadevapura", "address": "60/2, ITPL Road, Close to Phoenix Mall", "mobile": "+91 85240\u00a030385", "description": "Description for \"Used Maruti Cars in Bangalore and Second Hand Cars in Bangal\""},
{"title": "fit for Rotor Head Mitsubishi 4G15", "locality": "DLF City Phase I", "mobile": "+91 13358\u00a053980", "description": "Description for \"fit for Rotor Head Mitsubishi 4G15\"", "price": "20"},
{"title": "fit for Rotor Head Komatsu S6D140", "locality": "DLF City Phase I", "mobile": "+91 13358\u00a053980", "description": "Description for \"fit for Rotor Head Komatsu S6D140\"", "price": "26"},
{"title": "fit for Rotor Head Komatsu 6D95", "locality": "DLF City Phase I", "mobile": "+91 13358\u00a053980", "description": "Description for \"fit for Rotor Head Komatsu 6D95\"", "price": "20"},
{"title": "SALES CONSULTANTS FOR A REPUTED CAR DEALERIN BANGALORE", "locality": "Brigade Road", "address": "\"SRUTHILAYAM\", #8, INDIAN EXPRESS LAYOUT, KODIGEHALLI, VIRUPAKSHAPURA", "mobile": "+91 94833\u00a025252", "description": "Description for \"SALES CONSULTANTS FOR A REPUTED CAR DEALER IN BANGALORE\""},
{"title": "PK Auto Consultants Bangalore", "locality": "Electronic City", "address": "Electronic City, Veerasandra, Bangalore   100", "mobile": "+91 99026\u00a016123", "description": "Description for \"PK Auto Consultants Bangalore\""},
{"title": "110cc Neo atv,atv supplier in india, atvmanufacturer in ind", "locality": "A Narayanapura", "address": "ADDRESS: PLOT NO.475,PANDOL INDUSTRIAL ESTATE NO.2,VEDROAD,SURAT.", "mobile": "+91 90333\u00a012020", "description": "Description for \"110cc Neo atv,atv supplier in india, atv manufacturer in ind\""},
{"title": "Koramangala Cars pre owned carsBuy,Sell,Exchange", "locality": "Koramangala", "address": "#6th Block,80ft road,Near Sony world signal,Behind Hanuman Temple,Koramangala,Bangalore 95", "mobile": "+91 98869\u00a097848", "description": "Description for \"Koramangala Cars pre owned cars Buy,Sell,Exchange\""},
{"title": "WHITE PANDA CLOTHING CUST0 MER CARE NUMBER916381047220 ANY", "locality": "Agaram", "landline": "+91-638104\u00a07220", "mobile": "+91 63810\u00a047220", "description": "Description for \"WHITE PANDA CLOTHING CUST0 MER CARE NUMBER 916381047220 ANY\""},
{"title": "WHITE PANDA CLOTHING CUST0MER CARE NUMBER916381047220 ANY", "locality": "Chauma", "landline": "+91-638104\u00a07220", "mobile": "+91 63810\u00a047220", "description": "Description for \"WHITE PANDA CLOTHING CUST0MER CARE NUMBER 916381047220 ANY\""},
{"title": "DRIVING CLASSES WITH 100 RESULTS 6297432013call now", "locality": "Chattarpur", "landline": "+91-629743\u00a02013", "mobile": "+91 62974\u00a032013", "description": "Description for \"DRIVING CLASSES WITH 100 RESULTS 6297432013 call now\""},
{"title": "Rupeetub com c u s t o m e r care number918984842383 ANY P", "locality": "Ag Colony", "landline": "+91-898484\u00a02383", "mobile": "+91 89848\u00a042383", "description": "Description for \"Rupeetub com c u s t o m e r care number 918984842383 ANY P\""},
{"title": "pharmaceutical intermediates", "locality": "Adibatla", "mobile": "+91 16712\u00a087333", "description": "Description for \"pharmaceutical intermediates\"", "price": "233"},
{"title": "Jain Self Driven Car offers you cars onrent  @ Rs 800 / day", "locality": "Vepery", "address": "65/30 Maddox Street, 2nd floor, Real chambers building,Near vetenary college Choolai, Chennai - 600112", "mobile": "+91 98845\u00a071017", "description": "Description for \"Jain Self Driven Car offers you cars on rent  @ Rs 800 / day\""},
{"title": "Hyundai Creta - Test Drive", "locality": "Nagercoil", "address": "Derik Square, National Highway 47B, Ozhuginasery, Nagercoil, Tamil Nadu 629001", "mobile": "+91 99406\u00a058789", "description": "Description for \"Hyundai Creta - Test Drive\""},
{"title": "Kannan Driving School in Nagercoil", "locality": "Nagercoil", "landline": "+91-465222\u00a09177", "mobile": "+91 98421\u00a029188", "description": "Description for \"Kannan Driving School in Nagercoil\""},
{"title": "Pre Owned Cars Buy-sell-exchange", "locality": "City centre", "address": "2 SINDHU NAGAR INDORE", "mobile": "+91 98266\u00a004440", "description": "Description for \"Pre Owned Cars Buy-sell-exchange\""},
{"title": "Ferry Auto Consulting 9677273820", "locality": "Marthandam", "mobile": "+91 98400\u00a016992", "description": "Description for \"Ferry Auto Consulting 9677273820\""},
{"title": "Southern Honda Showroom Nagercoil", "locality": "Nagercoil", "address": "Thottiyodu, Nagercoil", "mobile": "+91 77080\u00a045519", "description": "Description for \"Southern Honda Showroom Nagercoil\""},
{"title": "Ragam Driving School - Ladies and GentsNagercoil", "locality": "Nagercoil", "landline": "+91-954331\u00a08131", "mobile": "+91 96776\u00a078877", "description": "Description for \"Ragam Driving School - Ladies and Gents Nagercoil\""},
{"title": "All Types of New &Used Car Dealer", "locality": "Naktala", "address": "1/271B, Naktala Road,  Naktala,Kolkata-700047.", "landline": "+91-33-3255\u00a04740", "mobile": "+91 93300\u00a035959", "description": "Description for \"All Types of New &Used Car Dealer\""},
{"title": "Perfect driving Classes on your own car", "locality": "B T Kawade Road", "landline": "+91-942355\u00a09345", "mobile": "+91 94235\u00a059345", "description": "Description for \"Perfect driving Classes on your own car\""},
{"title": "Call 9822018186 and get exp driversavailable in pune", "locality": "Hadapsar / Handewadi / Kalyani Nagar", "mobile": "+91 82372\u00a046384", "description": "Description for \"Call 9822018186 and get exp drivers available in pune\""},
{"title": "Exp car drivers for your car on daily basescall 9822018186", "locality": "Nibm Road / Undri / Mohamadwadi", "mobile": "+91 98220\u00a018186", "description": "Description for \"Exp car drivers for your car on daily bases call 9822018186\""},
{"title": "Commercial Goods Vehicle", "locality": "Sodepur", "address": "sodepore", "mobile": "+91 89814\u00a022382", "description": "Description for \"Commercial Goods Vehicle\""},
{"title": "Maruti car dealership in Eastern IndiaPreowned car dealer", "locality": "Salt Lake City", "address": "4, Council Street, Kolkata:700001", "mobile": "+91 85840\u00a015204", "description": "Description for \"Maruti car dealership in Eastern India Preowned car dealer\""},
{"title": "Best battery rickshaws manufacturer inindia", "locality": "Howrah", "address": "20 - Round Tank Lane, Shanti Niketan Appartment, Howrah - 711101", "mobile": "+91 97485\u00a034739", "description": "Description for \"Best battery rickshaws manufacturer in india\""},
{"title": "Car Detailing Services Delhi Cost", "locality": "East Of Kailash", "mobile": "+91 99111\u00a055794", "description": "Description for \"Car Detailing Services Delhi Cost\"", "price": "5,000"},
{"title": "Top car exterior and interior Cleaningservice in Hyderabad", "locality": "Adarsh Nagar", "landline": "+91-180010\u00a02965", "description": "Description for \"Top car exterior and interior Cleaning service in Hyderabad\""},
{"title": "used car dealer", "locality": "West", "address": "2-chitrakutdham society,b/h hemu gadhavi hall", "landline": "+91-281-243\u00a01018", "mobile": "+91 92276\u00a062851", "description": "Description for \"used car dealer\""},
{"title": "Used Car Dealer", "locality": "East Of Kailash", "address": "RESIDENCE: 27 B, SFS, DDA Flats, East Of Kailash, New Delhi-110065.", "mobile": "+91 98109\u00a060279", "description": "Description for \"Used Car Dealer\""},
{"title": "Catch  Kitchen  King masala", "locality": "Adarsh Nagar (Delhi Rd)", "mobile": "+91 81152\u00a079229", "description": "Description for \"Catch  Kitchen  King masala\"", "price": "69"},
{"title": "we buy and sell each and every brand carsin delhi and ncr", "locality": "Lakshmi Nagar", "address": "e67,pandav nagar near lakshmi nagar .delhi 110091.", "mobile": "+91 98113\u00a063938", "description": "Description for \"we buy and sell each and every brand cars in delhi and ncr\""},
{"title": "VIVEK MOTORS:-DEALS IN-USED CARS .PRIVET &COMMERCIAL", "locality": "Ramakrishnapuram", "address": "mohammad pur near bhicaji camam palace new delhi 110066", "mobile": "+91 98113\u00a098584", "description": "Description for \"VIVEK MOTORS:-DEALS IN-USED CARS .PRIVET & COMMERCIAL\""},
{"title": "Used Mercedes car dealer Delhi  - PCH Autoworld", "locality": "Daryaganj", "address": "E-23, First Floor N.S Marg, Daryaganj, new delhi-110002", "mobile": "+91 98992\u00a079432", "description": "Description for \"Used Mercedes car dealer Delhi  - PCH Auto world\""},
{"title": "Best Taxi in Jodhpur  Online car hire inJodhpur  Rajastha", "locality": "Narang Colony", "address": "jalamand", "mobile": "+91 83849\u00a018750", "description": "Description for \"Best Taxi in Jodhpur  Online car hire in Jodhpur  Rajastha\""},
{"title": "Nexa Baleno Car Price in Hyderabad", "locality": "Adarsh Nagar", "address": "Adarsh Nagar", "mobile": "+91 98488\u00a098488", "description": "Description for \"Nexa Baleno Car Price in Hyderabad\""},
{"title": "Adarsha Nexa showroom  Hyderabad", "locality": "Kukatpalli", "address": "Plot no 100-105, Tulasi Nagar Circle 14 B, Pragathi Nagar, Kukatpally, Hyderabad, Telangana 500090", "mobile": "+91 79817\u00a018128", "description": "Description for \"Adarsha Nexa showroom  Hyderabad\""},
{"title": "we buy all old n new scrap cars n accidentcars n total loss", "locality": "Alwal", "address": "Bahadurpura", "landline": "+91-970372\u00a02688", "mobile": "+91 88015\u00a042741", "description": "Description for \"we buy all old n new scrap cars n accident cars n total loss\""},
{"title": "Book your Bike Service Online in Hyderabad", "locality": "Madhapur", "address": "Madhapur", "mobile": "+91 99664\u00a025222", "description": "Description for \"Book your Bike Service Online in Hyderabad\""},
{"title": "suresh priyacars", "locality": "Coimbatore rural", "address": "221, scheme road ,race course,coimbatore.18", "landline": "+91-422-420\u00a04545", "mobile": "+91 94897\u00a070000", "description": "Description for \"suresh priyacars\""},
{"title": "Buy SUV from an Audi Dealership in Delhi", "locality": "Moti Nagar", "landline": "+91-823800\u00a05858", "description": "Description for \"Buy SUV from an Audi Dealership in Delhi\""},
{"title": "Get Your Car Service at Audi Service CentreDelhi West", "locality": "Moti Nagar", "mobile": "+91 72900\u00a066066", "description": "Description for \"Get Your Car Service at Audi Service Centre Delhi West\""},
{"title": "TOYOTA INNOVA 2007 MODEL FOR SALE", "locality": "Mahalinga puram", "mobile": "+91 98404\u00a030914", "description": "Description for \"TOYOTA INNOVA 2007 MODEL FOR SALE\"", "price": "5.7 Lacs"},
{"title": "Automatic Car Wash Machine", "locality": "Kurichchi", "address": "Private Industrial Estate, Kurichy,", "landline": "+91-91422258\u00a09999", "description": "Description for \"Automatic Car Wash Machine\""},
{"title": "Professional f1 racing academy in India Ahura Racing", "locality": "Kalapatti", "mobile": "+91 93444\u00a045224", "description": "Description for \"Professional f1 racing academy in India  Ahura Racing\""},
{"title": "Nissan Car Dealers Coimbatore", "locality": "R S Puram", "address": "SJB NISSAN , ", "landline": "+91-431-301\u00a05111", "mobile": "+91 88830\u00a066399", "description": "Description for \"Nissan Car Dealers Coimbatore\""},
{"title": "Luxury Car Dealers in Delhi  Auto Dealer inDelhi", "locality": "Netaji Nagar", "address": "Floor, E, First, 23, Netaji Subhash Marg, opposite Golcha Cinema, Daryaganj, New Delhi, Delhi 110002", "mobile": "+91 99999\u00a091172", "description": "Description for \"Luxury Car Dealers in Delhi  Auto Dealer in Delhi\""},
{"title": "HYUNDAI Magna i10 12 KAPPA Automatic 2019 3 lakhs", "locality": "Medavakkam", "mobile": "+91 98412\u00a036701", "description": "Description for \"HYUNDAI Magna i10 12 KAPPA Automatic 2019  3 lakhs\"", "price": "3 Lacs"},
{"title": "Own used car for sales With current FCavailable", "locality": "Royapettah", "mobile": "+91 98407\u00a009970", "description": "Description for \"Own used car for sales With current FC available\"", "price": "1.25 Lacs"},
{"title": "ACTING DRIVER AT YOUR DOORSTEP", "locality": "Saibaba colony", "landline": "+91--984326\u00a09463", "mobile": "+91 98432\u00a069463", "description": "Description for \"ACTING DRIVER AT YOUR DOORSTEP\""},
{"title": "green driving school gvt aprvd two wheelerclass for ladies.", "locality": "Tambaram", "mobile": "+91 90031\u00a054427", "description": "Description for \"green driving school gvt aprvd two wheeler class for ladies.\""},
{"title": "Ganesh Travels and Transport Companypvt.ltd", "locality": "Ayodhya Nagar", "address": "Ahmedabad Gujarat India", "mobile": "+91 82396\u00a014411", "description": "Description for \"Ganesh Travels and Transport Company pvt.ltd\""},
{"title": "Perfect driving classes on your own carcall 9822018186", "locality": "Lower Parel", "landline": "+91-982201\u00a08186", "mobile": "+91 98220\u00a018186", "description": "Description for \"Perfect driving classes on your own car call 9822018186\""},
{"title": "Self Drive Cars in Coimbatore", "locality": "Peelamedu", "address": "Selfdrivecarsrent,", "mobile": "+91 95141\u00a045999", "description": "Description for \"Self Drive Cars in Coimbatore\""},
{"title": "driving classe mon to saturday holidays notraining", "locality": "Powai", "landline": "+91-976910\u00a03089", "mobile": "+91 97691\u00a003089", "description": "Description for \"driving classe mon to saturday holidays no training\""},
{"title": "Learn professional driving in your car atyour place", "locality": "KR Road", "mobile": "+91 80952\u00a051320", "description": "Description for \"Learn professional driving in your car at your place\""},
{"title": "Visit MAX AUTOS  Know the Brezza on RoadPrice Sangrur", "locality": "Patiala Cantt", "address": "Patiala Byepass, Street No. 1, Dhuri Road, Mubarik Mehal Colony, Sangrur, Punjab 148001", "mobile": "+91 89292\u00a068114", "description": "Description for \"Visit MAX AUTOS  Know the Brezza on Road Price Sangrur\""},
{"title": "Book Alto Test Drive in Patiala for Free", "locality": "Rajbaha Road", "address": "Rajbaha Road, Patiala, Punjab - 147001", "mobile": "+91 89294\u00a000551", "description": "Description for \"Book Alto Test Drive in Patiala for Free\""},
{"title": "Karni Kripa Motor Driving School (Pickupand Drop facility)", "locality": "Amarsinghpura", "mobile": "+91 95218\u00a061885", "description": "Description for \"Karni Kripa Motor Driving School (Pickup and Drop facility)\""},
{"title": "2013 model Hero Honda bike on sale", "locality": "City centre", "mobile": "+91 94647\u00a017786", "description": "Description for \"2013 model Hero Honda bike on sale\"", "price": "35,000"},
{"title": "Second Hand & Used Car Dealers in Dehradun", "locality": "City centre", "address": "Gandhi Road", "landline": "+91-135-844987\u00a02727", "mobile": "+91 84498\u00a072727", "description": "Description for \"Second Hand & Used Car Dealers in Dehradun\""},
{"title": "6TH GEAR - Royal Enfield 3S(Showroom,Services & Spares)", "locality": "Tatibandh", "address": "At 6th Mile, G.E Road, Tatibandh, Raipur(C.G.)", "landline": "+91-771-406\u00a00666", "mobile": "+91 98930\u00a000030", "description": "Description for \"6TH GEAR - Royal Enfield 3S(Showroom, Services & Spares)\""},
{"title": "Coimbatore New Brand BMW Car Test Drivekalai 9942245566", "locality": "Gandhipuram", "address": "COIMBATORE BMW TEST DRIVE ON YOUR PLACE", "mobile": "+91 99422\u00a045566", "description": "Description for \"Coimbatore New Brand BMW Car Test Drive kalai 9942245566\""},
{"title": "Cars Buy & Sell us", "locality": "Alagappan nagar", "address": "Alagappan Nagar", "mobile": "+91 96295\u00a059591", "description": "Description for \"Cars Buy & Sell us\""},
{"title": "We Buy Sell Used Merc, BMW, Audi, Bentley,Jaguar, Porsche", "locality": "Gurgaon", "address": "Sohna Road , Opp. Raheja Mall, Gurgaon - 122 001 Haryana INDIA", "mobile": "+91 88027\u00a073770", "description": "Description for \"We Buy Sell Used Merc, BMW, Audi, Bentley, Jaguar, Porsche\""},
{"title": "Call for your vehicles to sell&amp;amp; Buy", "locality": "Kaloor", "address": "Ground floor ,Holy mall,kaloor", "landline": "+91-9447039498-9447\u00a00394", "mobile": "+91 98460\u00a039498", "description": "Description for \"Call for your vehicles to sell &amp;amp; Buy\""},
{"title": "Car ac repair service in Gurgaon", "locality": "MG Road", "landline": "+91-880053\u00a08189", "description": "Description for \"Car ac repair service in Gurgaon\""},
{"title": "Popular Vehicles & Services Pvt Ltd.", "locality": "Mamangalam", "address": "Popular Vehicles & Services Pvt Ltd.", "landline": "+91-484234\u00a01134", "mobile": "+91 98460\u00a066609", "description": "Description for \"Popular Vehicles & Services Pvt Ltd.\""},
{"title": "Swift ,Swift Dzire,Alto,Ecco,Omni,GrandVitara.", "locality": "Ernakulam", "address": "Mamangalam,", "mobile": "+91 98950\u00a091687", "description": "Description for \"Swift ,Swift Dzire,Alto,Ecco,Omni,Grand Vitara.\""},
{"title": "Christmas festival offer at Indus Motors", "locality": "Kochi", "address": "Mahatma Gandhi Road, Opposite Cochin Shipyard, Perumanoor, Thevara, Kochi, Kerala 682015", "landline": "+91-484712\u00a02606", "mobile": "+91 48471\u00a022606", "description": "Description for \"Christmas festival offer at Indus Motors\""},
{"title": "Buy/Sell Vehicle on commision basis inDelhi/Haryana NCR", "locality": "Vikaspuri", "address": "Car Market,  Vikas Puri, New Delhi-110018, Outer Ring Road", "landline": "+91-999-990\u00a04316", "mobile": "+91 92124\u00a040003", "description": "Description for \"Buy/Sell Vehicle on commision basis in Delhi/Haryana NCR\""}