company,date,description,location,salary,title
Allegis Group,2023-05-23,"Dear Candidate,Greetings from Allegis Global Solution!!!COMPANY PROFILE:Allegis Group, Inc. is an international talent management firm headquartered in Hanover, Maryland, United States. As of 2018, it had US$13.4 billion in revenue, and 19,000 employees. It ranks fourth in the world.We are Hiring for Top MNC Companies for the position - Sitecore DeveloperExperience: 6 to 14 YearsLocation: PAN IndiaNotice Period: 0 to 60 Days OnlyMode of Interview: MS TeamsIf interested kindly fill the below formhttps://forms.gle/XEUHBwNdTTYCcQsu8 (Mandatory to fill)share the below details to sesheriff@allegisglobalsolutions.comTotal Years Exp :Exp in relevant:Updated CV:Current Location:Preferred Location:Current Company:Current CTC:Expected CTC:Highest Qualification :Notice period: REQUIREMENTS minimum 10+ years of experience. minimum 7+ years of experience in Sitecore development Strong knowledge of .NET framework and Proficient in ASP.net, MVC .Net, C# .Net Strong development skills in Sitecore layouts, components Must have done at least 2 Sitecore enterprise implementations in the capacity of individual contributor Deep knowledge of Sitecore Architecture and Design, Common API Classes and Security Model Should be able to connect to third party API's from Sitecore components and show the content on the pages Should be able to convert HTML provided by UI developers into Sitecore components Should have developed cross platform web applications that is supported across multiple devices  Should have experience in developing large sites with the help of Sitecore content and website management system Knowledge and hands on experience in Front end technologies like JavaScript (Angular, React, Vue.js), jQuery, HTML, CSS, Bootstrap Knowledge of building custom solution using Sitecore CMS, DMS, Workflow, Service Integration, Social service integration, Personalization, SEO, multi-site, multi-channel, multi-lingual delivery environment. Experience designing and building business and data layers and functional libraries. Experience in SOLR, Sitecore Analytics.PreferredSitecore certified",Remote,Not disclosed,Sitecore Developer - MNC  - Direct Payroll
HCLTech,2023-05-23,"Experience 5+ years (CAA Role)- REX ( SAP Basis,SAP HANA and S / 4 HANA skills,Migration/ Upgrades & Experience on Any Cloud (AWS,MS Azuring) Good Comm Skill,who can articulate,Exp in Customer Facing . Required Skill set Good understanding & hands-on experience required in S / 4 HANA application & HANA databaseExperience in SAP Upgrade & Migration (OS / DB) is required",Remote,Not disclosed,cloud SAP Basis s/4 Hana
Teamlease Services Limited,2023-05-09,Any ITI or diploma Fresher B) Should have worked in a service center for electronics or kitchen appliances goods ITI Fresher is also considered F) 2 Wheeler is compulsory (Since candidates need to visit the field) CTC :- In case of Fresher ITI will approx Rs.16000/- NTH In case of experience candidate Salary Slabs will be communicated to separately in couple of days,Remote,1.25-2.25 Lacs PA,Service Technician- ITI Fresher
Infogain,2023-05-16,"Initiatives/ workstreams Requirement gathering (Sprint + 2 or next Quarters),User stories,Backlogs,HLD,One Pager  skill requirement for that sprint / workstream Creating One pager Initiative Requirement,HLD,LLD,Code,Sprint Demo NOTE : Aspirants with 0 to 30 days notice period need only apply to sreekanth.r@infogain.com Prior experience in Event Driven architecture",Remote,Not disclosed,Java Springboot Microservices - Lead
Infogain,2023-05-16,Experience in designing and implementing RESTful APIs and microservices architecture Required Skills:  . Strong hands-on experience in Oracle ATG Commerce (Version 11 or above) and Endeca search engine Preferred Skills:  . Knowledge of Agile methodologies and experience in working in Agile environments . Only immediate joiners need apply to sreekanth.r@infogain.com,Remote,Not disclosed,"Oracle ATG Commerce, Design & Implementation - Team Lead"
Wipro,2023-05-23,"Aptitude to comprehend articles and good analytical skills . Interest in current affairs / news is preferred . Ability to multitask . A flexible mindset to be able to accommodate any change which may be shift / process/product etcThe ability to work in 24*7 shifts . 5 day working,rotational weekly off .",Remote,Not disclosed,Wipro hiring For language expert |WFH |Ukranian/Portuguese
XPO India Shared Services,2023-05-22,"Hi All,We have urgent opening for Java Developer strong with SQL 6 months Contract  location - Pune / Hyderabad Location -Pune &  (Remote Location )Experience: 5 – 10 years.  What you’ll do on a typical day:•Java DeveloperKey Responsibilities: *  Design and develop new software by applying techniques of computer science, engineering, and mathematical analysis that satisfies the objectives stated in business requirements. Follow industry best practices, techniques and XPO standardized processes that deliver improved software solutions. Be available for testing/support on scheduled deployment dates that are designated by the standardized change management process. • Evaluate and select process and logic patterns, programming language constructs, data storage methods, and operating environment interfaces that effectively satisfy business requirements and quantifiable measures; develop appropriate programs and systems documentation according to established department standards. • Participate in collaborative code reviews conducted with colleagues and team members; coordinate the deployment and implementation of software solutions. • Certify the proper functioning and performance of software components using repeatable, reproducible, and reportable software testing methodologies. • Evaluate new technologies for inclusion in developed software solutions; introduce new industry standards and techniques that deliver improved software solutions Education/Experience: • Bachelor’s degree in software engineering or related technical field, or the equivalent combination of education and experience. • 5+ years of experience in software solutions development preferably in medium to large corporate environments or commercial software companies. • Expert knowledge of Java EE (or J2EE), REST APIs, Spring boot • Expert experience with the industry standard IDEs – RAD, Eclipse, Visual Studio, WebStorm, VSCode. • Expert Knowledge of SQL & PLSQL • Experience with SQL and relational databases (DB2/UDB, Oracle, MySQL). • Experience with data marshalling, data transformation, and data representation technologies (Model entities, JSON, HTML, XML, Stylesheets). • Experience with rapid programming, agile development, software patterning, and refactoring techniques • Experience with process communication techniques (shared memory, message queues, data streams, semaphores). • Experience with creating and consuming distributed data services (REST APIs, Messaging Buses). Technical Competencies • Bachelor’s degree in software engineering or related technical field. • Strong written and verbal communication skills in technical settings and with internal management. Well-developed active listening and presentation skills ",Remote,Not disclosed,Job | Urgent Opening Java Developer (Contract)
Jacobs ,2023-05-24,"Jacobs Engineering Group Inc. is one of the world™s largest and most diverse providers of professional technical services. With annual revenues exceeding $5 billion, we offer full-spectrum support to industrial, commercial, and government clients across multiple markets. Services include scientific and specialty consulting as well as all aspects of engineering and construction, and operations & maintenance.Our primary markets include:-Aerospace and Defense-Automotive and Industrial-Buildings-Chemicals and Basic Resources-Consumer Products-Federal Programs-Forest Products-Infrastructure-Oil and Gas-Pharmaceuticals and Biotechnology-Refining-TechnologyOur fundamental business strategy is building long-term client relationships. With more than 55 years in the industry, we have attracted and retained clients by providing superior customer value€”in fact, over 90 percent of our work is repeat business from loyal clients. This strategy yields cost advantages, profits, and growth for us, allowing us to also attract and retain investors and thus fuel further growth. The combination of a loyal client base and steady growth enables us to attract and retain the industry€™s top talent. As a result of this sound business strategy, we are prospering in diverse markets, worldwide. Our global network includes more than 60 major offices in over 15 countries. We have operations in North America, the United Kingdom, Europe, India, Australia, and Asia. Our headquarters are in Pasadena, California.We are hiring for  Electrical  Engineer / Sr. Electrical Engineer - Data Center  for our site Jacobs.Experience: 5 to 10 years Location: Sites Qualification : B.E/BTech  - Electrical / Diploma  - Electrical JD - Sr. Engineer and Engineer - Electrical Experience of working in Data Center projects preferred.• Review and understand the scope of works along with BOQ .• Candidate should have sound knowledge of basic engineering principles and be well versed with the Indian Standard Codes.• Supervise to ensure that contractor is executing the construction activities as per the drawings, specifications and relevant codes/standards.• Study of drawings and obtain clarification through RFI’s for any discrepancies – missing details / mismatches - from Projects and Engineering.• Review and approve the quality plan, Inspection & Test plan and work procedures submitted by contractors. Monitor the compliance of quality requirement as per approved quality plan and ITP during execution.• Issuing of quality noncompliance note to contractors in case of sub-standard works and follow up with contractors for get it corrected. Maintain a tracker for the same.• Review and approve Erection Schemes / Installation procedures, resources requirements and work procedures submitted by contractors and ensure contractor is executing the work and meeting approved plans and procedures.• Performing of tests through contractor, witness and recording and maintaining documentation.• Monitor through contractors that QC check sheets are prepared and maintained for the works being executed• Co-ordinate with other discipline engineers for release of fronts to contractors.• Prepare and issue punch list on completion of each area. Follow up with contractors for attending and closing the punch lists.• Scrutiny and certification of contractor’s RA bills and final bills, whenever required.• Follow up with Projects / Engineering team to release the “Holds” if any in the drawings so that schedule is not affected.• Prepare and maintain joint measurement records for all the approved variations / changes.• Understanding and experience in implementation of HSE procedures.• Monitoring of work progress and Follow up with contractors for ensuring the adequacy of required labour resources, machineries and materials to complete the works as per schedule.• Any other works required for the project, as directed by Construction Manager to complete the E&I works.• Should have experience in Testing and commissioning of E&I jobs.• Should have effective communication skill to convey discrepancies /problem faced / expected at site to the respective lead and client as required.• Should have specific experience of supervising Data Center Plant projects.• Candidates must be good in written and verbal communicationInterested candidates please share resume on poonam.naik@jacobs.com",Remote,Not disclosed,Electrical Engineer Data Center  For our site Jacobs
Ciena,2023-05-23,"Blue Planet R&D is seeking a technical lead with 10+ years of experience working in complex software environments who can lead a development team and also willing to contribute as a full stack developerThe flexibility to work independently and as part of a broader team you thrive in a multi-disciplinary team environment,but are comfortable working independently as required",Remote,Not disclosed,Java Full Stack Technical Lead
Ciena,2023-05-23,"SCOPE OF RESPONSIBILITIESShort paragraph explaining in the broadest terms what are the responsibilities of the position, i.e. what does the incumbent do?DIMENSION & SCOPE:This is a role within Ciena’s Program Management Team and leading a team of partner project managers, program managers and all Ciena/Partner project delivery teams for specific customers. The Project Manager will be required to lead directly a team of Partner Project Managers and Program Managers to deliver end to end deployment to customer’s expectations and Ciena contractual obligations. It requires owning the Project delivery associated with allocated customers within the territory, building relationships with medium-level customer personnel, representing many facets of the customer’s organisation, including finance, procurement, implementation and operations. The Project Manager works directly with his PSE/PM teams and with customers facilitating communication and translating operational requirements for the complete life cycle of the project, from pre-contract to acceptance of the solutions and completion of the Ciena financials.SPECIFIC RESPONSIBILITIESIn more specific terms, detail function-by-function / responsibility-by-responsibility what the incumbent is held accountable for over a given period of time, beginning with the major duties.PRIMARY DUTIES AND RESPONSIBILITIES:Deliver assigned customer projects to the agreed budget, timeline and quality. Work in close coordination with Partner Project Managers/Program Managers, Ciena and Partner PSE, Ciena Sales/Account Management, Ciena Finance, Ciena Logistics, Ciena Supply Chain, Ciena Legal and Ciena Marketing to ensure all areas of the commercial deal have oversight, understanding and appropriate approvals. Work with Sr. Manager/RSD to ensure revenue targets are delivered. Responsible for Project profitability and regular reporting to Ciena and customer management on progress Work with Supply Chain and Logistics to ensure deliveries meet contractual requirements Supporting the Sr. Manager/Regional Services Director (RSD) with accountability for each assigned account within the territorial region i.e. Revenue’s, Margin and Cost management. Conduct formal initiation of new programs and projects to ensure all relevant stakeholders within Ciena and the customer understand and take ownership for the deliverables required by the agreed commercial terms. Establish with project managers/program managers the risk, issue and change control regimes. Arbitrate and actively drive and participate in the decision making process, balancing the needs of the program and Ciena’s business needs. Work with the program team and functional groups to facilitate development field work packages, for new network builds or upgrades. Monitor and control the activities of the project team with the partner project managers/program managers, to coordinate and track field activity through the implementation of work packages. Field deployment may utilize direct or subcontract labour. Lead and facilitate frequent review meetings between relevant customer operational groups and corporate groups. Document and communicate customer needs, project status, exceptions and resolutions. Lead review of lessons learned to foster a culture for continual improvementUpdate systems to track project revenue streams and ensure knowledge is kept up to date on PSA.EDUCATION AND EXPERIENCE List appropriate work experience, education, and/or professional certification(s).Relevant experience in Telecommunication industry of at least 7 years, or equivalent in the areas of project management, program management, or customer service. Hold mid-level project/program management positions in telecommunication vendors or service providers will be preferred. Bachelors’ degree in computer science, engineering, business or related fields preferred. Masters degree a plus. Formal accreditation in program or project management e.g. PMP or PRINCE2 Practitioner is a plus. Experience with the following applicable telecommunication technologies a plus. DWDM, CWDM, Optical SDH (Core and Access), Packet Networking and SDN/NFV, etc.CANDIDATE PROFILEList appropriate knowledge, skills, and abilities.Broad business management skills. Financial management skills regarding Project Level P&L Strong communication skills: written and in formal presentations. A confident decision maker. Proven experience negotiating large, solutions-based sales with end-users. Demonstrated sense of quick and good judgment, with sensitivity to customer demands. Project management skills in keeping projects on schedule and assuring all relevant parties are informed on progress or issues. Demonstrated skills in desktop applications such as Excel, Word, PowerPoint, and project planning software. Negotiation skills essential. Self motivated and self driven Initiative within assigned responsibilities Team player, organized, self-motivated, and capable of independent work. Multitasking: able to manage many aspects of the account(s) simultaneously. Able to negotiate both with the customer, internal resource owners and external resource suppliers. Strong customer interface skills and ability to work with all levels of customer operations including senior management. History of working in a matrix management environment with success in motivating people without direct reporting relationships. Ability to learn and grasp business management as well as technical concepts in fiber optic or high-speed data communications. Strong understanding of Ciena’s products and technologies is a plus.The above statements are intended to describe the general nature and level of work being performed by people assigned to this job. They are not intended to be an exhaustive list of all responsibilities, duties and skills required of personnel so classified.",Remote,Not disclosed,Service Project Manager
Ciena,2023-05-23,"The flexibility to work independently and part of a broader team - you thrive in a multi-disciplinary team environment,but are comfortable working independently as required.  Experience with CI / CD pipeline creation and maintenance The Must Haves. Experience with Antora,a static site generator for documentation Experience with Git,web development,and HTML / CSS",Remote,Not disclosed,Web Technician
M/s. Rps Consulting,2023-05-23,Hi . we are looking for a freelance corporate trainer to deliver training on SOLIDserver DDI Administration Customer Training and SOLIDserver DDI Advanced Configuration Course (By Efficient IP),Remote,Not disclosed,Freelance corporate training on SOLIDserver DDI Administration
Ciena,2023-05-22,"The flexibility to work independently and as part of a broader team you thrive in a multi-disciplinary team environment,but are comfortable working independently as requiredHands-on experience of CI / CD pipeline configuration and maintenance Solid operational and administrator experience with Unix operation systems Good To Have",Remote,Not disclosed,Software Automation Test Engineer
Network Intelligence India,2023-05-22,"Roles and Responsibilities  Monitor network traffic and security alerts for potential events/incidents.Conduct initial triage, declare events/incidents, create incident cases, gather evidence, track and update incident status, and identify additional action items.Handle P1 and P2 incidents under the direction of leads and specialists. Follow through to closure P3 and P4 incidents.Detect, document, respond to and escalate events and incidents in accordance with MSS Incident Handling policies and procedures.Demonstrate capabilities and techniques that can be used to mitigate Cyber-attacks and threats.Demonstrate the capability to utilize the Security Tools to investigate and correlate events.Develop reports and/or briefings for events/incidents. Conduct research on emerging security threats.Maintain shift logs for all SOC activities conducted during scheduled hours.Monitor, maintain, and respond to group email and distribution lists.Create tickets for necessary tasks that need to be executed by external teams. Ensure tasks are communicated via email to the respectable team(s), as well as documenting and tracking activities within tickets according to ticketing procedures, and annotating in shift logs according to shift report procedures. Conduct systems and tools health checks.Recommend updates to the wiki with relevant content as it becomes known.Ensure that the phones are forwarded to the On-Call or appropriate individual when the office is unmanned.Maintain shift logs for all relevant SOC activities.Conduct internal and external trainings on various topics related to SOC.Desired Candidate Profile Required Experience - Minimum 6+ Month Mandatory Skills - QradarArcSight/Splunk Experience not required.",Remote,"50,000-3 Lacs PA",Junior SOC Analyst
Allegis Group,2023-05-23,"Dear Candidate,Greetings from Allegis Global Solution!!!COMPANY PROFILE:Allegis Group, Inc. is an international talent management firm headquartered in Hanover, Maryland, United States. As of 2018, it had US$13.4 billion in revenue, and 19,000 employees. It ranks fourth in the world.We are Hiring for Top MNC Companies for the position - Sitecore DeveloperExperience: 6 to 14 YearsLocation: PAN IndiaNotice Period: 0 to 60 Days OnlyMode of Interview: MS TeamsIf interested kindly fill the below formhttps://forms.gle/XEUHBwNdTTYCcQsu8 (Mandatory to fill)share the below details to sesheriff@allegisglobalsolutions.comTotal Years Exp :Exp in relevant:Updated CV:Current Location:Preferred Location:Current Company:Current CTC:Expected CTC:Highest Qualification :Notice period: REQUIREMENTS minimum 10+ years of experience. minimum 7+ years of experience in Sitecore development Strong knowledge of .NET framework and Proficient in ASP.net, MVC .Net, C# .Net Strong development skills in Sitecore layouts, components Must have done at least 2 Sitecore enterprise implementations in the capacity of individual contributor Deep knowledge of Sitecore Architecture and Design, Common API Classes and Security Model Should be able to connect to third party API's from Sitecore components and show the content on the pages Should be able to convert HTML provided by UI developers into Sitecore components Should have developed cross platform web applications that is supported across multiple devices  Should have experience in developing large sites with the help of Sitecore content and website management system Knowledge and hands on experience in Front end technologies like JavaScript (Angular, React, Vue.js), jQuery, HTML, CSS, Bootstrap Knowledge of building custom solution using Sitecore CMS, DMS, Workflow, Service Integration, Social service integration, Personalization, SEO, multi-site, multi-channel, multi-lingual delivery environment. Experience designing and building business and data layers and functional libraries. Experience in SOLR, Sitecore Analytics.PreferredSitecore certified",Remote,Not disclosed,Sitecore Developer - MNC  - Direct Payroll
Ciena,2023-05-22,A formal education in a technical or science related subject as well as experience in telecoms would provide a good foundation for this role,Remote,Not disclosed,Subsea Post Sale Engineer (PSE)
Ciena,2023-05-22,"The flexibility towork independentlyand as part of a broader team you thrive in a multi-disciplinary team environment,but are comfortable working independently as requiredThe Must Haves:  . Demonstrable skills working UI / UX Design and developing high performance UIsExperience with Angular 2+,Typescript,Javascript,HTML,CSS,SVG,djs,npm,gulp,JasmineGood To Have",Remote,Not disclosed,Associate UI Developer (Angular 2+)
IQVIA,2023-05-16,"Justification. Justification. ECG Allocators are working in shifts hence we need at least 4 full time resource to have coverage across all the 3 shifts for running the ECG allocation process Exp-Fresher with 0 exp,. Qualification: BCOM,BBM,BA,BBA,BCA(No Btech,No Master degree eligible) .  Summary. Job Overview",Remote,Not disclosed,Job openings in Iqvia For Logistic Technician
Blob Infotech,2023-05-11,Only those candidates can apply who: . are available for the work-from-home internship can start the work-from-home job / internship between May23 and Aug23  Women wanting to start / restart their careers can also apply,Remote,Not disclosed,Content Writing & Strategist Internship - Forbes
HCLTech,2023-05-23,"Experience 5+ years (CAA Role)- REX ( SAP Basis,SAP HANA and S / 4 HANA skills,Migration/ Upgrades & Experience on Any Cloud (AWS,MS Azuring) Good Comm Skill,who can articulate,Exp in Customer Facing . Required Skill set Good understanding & hands-on experience required in S / 4 HANA application & HANA databaseExperience in SAP Upgrade & Migration (OS / DB) is required",Remote,Not disclosed,cloud SAP Basis s/4 Hana
Teamlease Services Limited,2023-05-09,Any ITI or diploma Fresher B) Should have worked in a service center for electronics or kitchen appliances goods ITI Fresher is also considered F) 2 Wheeler is compulsory (Since candidates need to visit the field) CTC :- In case of Fresher ITI will approx Rs.16000/- NTH In case of experience candidate Salary Slabs will be communicated to separately in couple of days,Remote,1.25-2.25 Lacs PA,Service Technician- ITI Fresher
Ciena,2023-05-22,"We are looking for JavaFull Stack Developers who are prepared to shape the future of all UIs/Backend company products used by customers around the world and working in a highly professional team of product developers. The teams focus is on high quality, high reusability, and high customizability of UI/Backend components.Design, development, unit testing, documentation and analysis of modules or features of new or upgraded software systems and productsImplementing according to project plans and priorities.Ability to work independently with good technical interpersonal skills to collaborate both in the team and outside the team.Crafting / Extending UI generic reusable and configurable/customizable components like grids and reports using in-house core product modules as well as looking at applicable standard methodologies outside the companyCrafting / Extending Rest APIs in Java/J2EE with Spring MVCWriting queries, procedures on databases primarily Neo4j, PostgreSQL, OracleLearning the existing code, coding and documentation standards and extending the core product components without breaking backwards compatibility and with adhering to coding/documentation standards.What Does Ciena Expect of You?Initiative Youre a self-starter who works with limited direction and is committed to delivering against aggressive deadlines.Agility you are readily able to make key decisions and manage competing and ever-changing priorities.Communication expertise you possess the ability to influence and tailor your message and ideas to the audience to ensure understanding and agreement.The flexibility towork independentlyand aspart of a broader team you thrive in a multi-disciplinary team environment, but are comfortable working independently as required.Relationship builder with an ability to influence, youre able to quickly develop trusted connections and get work done across multi sites.A commitment to innovation you keep abreast of the market and competitive developments and are always keen to formulate new ideas and problem solve.A passion for coaching fully understanding and appreciating the power of the mentorship role.The Must HavesRequired experience and skills Bachelors/masters in computer science with good experiencein software development. Backend languages: Java 11+/J2EEBackend frameworks/libraries: maven, Spring frameworkDB: PostgreSQLProgramming theory: relational and graph database conceptsFrontend languages: Typescript/JavaScript, html, CSSFrontend frameworks/libraries: Angular 8+, Node.js/npmProgramming theory: algorithms and data structuresAssets:Distributed, highly available systems running at large scalePreferred Domain: Telecom, OSS Qualifications and skillsBachelor Degree in Engineering / Bachelor of Computer Applications / Master of Computer Applications7+ years of professional software development experience.Experience working on large-scale software projectsFamiliar with building sophisticated web applications using Angular, Java and Spring, KafkaExperience with crafting highly interactive web applications with performance, scalability, accessibility, usability, design, and security in mindValidated software development background including design patterns, data structures, test driven development.Experience with distributed (multi-tiered) systems, algorithms, and relational and Graph databasesAbility to work in an Agile environmentValidated understanding of a variety of programming tools and development platforms. Knowledge of development tools such as Git, Jira, Bitbucket, Jenkins, Grafana, Docker, KubernetesExcellent interpersonal and leadership abilitiesResponsibilitiesMentoring and support both within in the immediate team and in the wider Blue Planet organisationIndependent working with teamwork within a distributed teamAttending calls, communicating work, discussion with project team membersEvaluate and recommend tools, technologies and processes to ensure the highest quality product platformDesign, develop and implement software solutions to address business issuesFixing and resolving issues with coding or designProvide architectural blueprints and technical leadershipStrong communication and presentation skillsLOCATION- REMOTE",Remote,Not disclosed,Tech Lead- Fullstack Developer
Allegis Group,2023-05-24,Experience: 6 to 13.,Remote,Not disclosed,D365 CRM Technical - (Top MNC Companies - Direct Payroll)
Amazon,2023-05-21,We welcome women job aspirants to be a part of our Amazon Customer Service team at Bangalore.  . Work Location: Bangalore Virtual Customer Service (VCS) - It is a Work from Home model for India CS Over time and night shift allowance Should be flexible to work in shifts  * Salary only eligible for International Voice ProcessGood typing skills,Remote,3.5-4.25 Lacs PA,Virtual Customer Service Associate- International Phones at Bangalore
Infogain,2023-05-16,"Initiatives/ workstreams Requirement gathering (Sprint + 2 or next Quarters),User stories,Backlogs,HLD,One Pager  skill requirement for that sprint / workstream Creating One pager Initiative Requirement,HLD,LLD,Code,Sprint Demo NOTE : Aspirants with 0 to 30 days notice period need only apply to sreekanth.r@infogain.com Prior experience in Event Driven architecture",Remote,Not disclosed,Java Springboot Microservices - Lead
Infogain,2023-05-16,Experience in designing and implementing RESTful APIs and microservices architecture Required Skills:  . Strong hands-on experience in Oracle ATG Commerce (Version 11 or above) and Endeca search engine Preferred Skills:  . Knowledge of Agile methodologies and experience in working in Agile environments . Only immediate joiners need apply to sreekanth.r@infogain.com,Remote,Not disclosed,"Oracle ATG Commerce, Design & Implementation - Team Lead"
Ciena,2023-05-22,"The flexibility to work independently and as part of a broader team you thrive in a multi-disciplinary team environment,but are comfortable working independently as requiredBachelors Degree in engineering Bachelor of Computer Applications Master of Computer Applications 7+ years of professional software development experience",Remote,Not disclosed,Java Support Engineer
Ciena,2023-05-22,The Must Haves:  . BS in CS / IT/EE or related field Proficient in Python development in Linux environment with synchronous and asynchronous programming patterns4+ of professional experience in development in micro-services environment,Remote,Not disclosed,Python Developer (Networking domain)
Merkle ,2023-05-18,"Hands on Customization of Apex,Visual Force,Triggers,Batch and Schedule Apex Aware of Application Migration Tools / Methods . Extensive experience in developing complex Lightning web components . Integration experience in Lightning web component .  . Technical Experience . Experience with designing responsive Salesforce Communities / Storefront Buyer Experiences .",Remote,Not disclosed,Salesforce Architect
Merkle ,2023-05-18,"Hands on Customization of Apex,Visual Force,Triggers,Batch and Schedule Apex Aware of Application Migration Tools / Methods . Extensive experience in developing complex Lightning web components . Integration experience in Lightning web component .  Technical Experience . Experience with designing responsive Salesforce Communities / Storefront Buyer Experiences .",Remote,Not disclosed,Salesforce B2B Developer
Wipro,2023-05-23,"Aptitude to comprehend articles and good analytical skills . Interest in current affairs / news is preferred . Ability to multitask . A flexible mindset to be able to accommodate any change which may be shift / process/product etcThe ability to work in 24*7 shifts . 5 day working,rotational weekly off .",Remote,Not disclosed,Wipro hiring For language expert |WFH |Ukranian/Portuguese
XPO India Shared Services,2023-05-22,"Hi All,We have urgent opening for Java Developer strong with SQL 6 months Contract  location - Pune / Hyderabad Location -Pune &  (Remote Location )Experience: 5 – 10 years.  What you’ll do on a typical day:•Java DeveloperKey Responsibilities: *  Design and develop new software by applying techniques of computer science, engineering, and mathematical analysis that satisfies the objectives stated in business requirements. Follow industry best practices, techniques and XPO standardized processes that deliver improved software solutions. Be available for testing/support on scheduled deployment dates that are designated by the standardized change management process. • Evaluate and select process and logic patterns, programming language constructs, data storage methods, and operating environment interfaces that effectively satisfy business requirements and quantifiable measures; develop appropriate programs and systems documentation according to established department standards. • Participate in collaborative code reviews conducted with colleagues and team members; coordinate the deployment and implementation of software solutions. • Certify the proper functioning and performance of software components using repeatable, reproducible, and reportable software testing methodologies. • Evaluate new technologies for inclusion in developed software solutions; introduce new industry standards and techniques that deliver improved software solutions Education/Experience: • Bachelor’s degree in software engineering or related technical field, or the equivalent combination of education and experience. • 5+ years of experience in software solutions development preferably in medium to large corporate environments or commercial software companies. • Expert knowledge of Java EE (or J2EE), REST APIs, Spring boot • Expert experience with the industry standard IDEs – RAD, Eclipse, Visual Studio, WebStorm, VSCode. • Expert Knowledge of SQL & PLSQL • Experience with SQL and relational databases (DB2/UDB, Oracle, MySQL). • Experience with data marshalling, data transformation, and data representation technologies (Model entities, JSON, HTML, XML, Stylesheets). • Experience with rapid programming, agile development, software patterning, and refactoring techniques • Experience with process communication techniques (shared memory, message queues, data streams, semaphores). • Experience with creating and consuming distributed data services (REST APIs, Messaging Buses). Technical Competencies • Bachelor’s degree in software engineering or related technical field. • Strong written and verbal communication skills in technical settings and with internal management. Well-developed active listening and presentation skills ",Remote,Not disclosed,Job | Urgent Opening Java Developer (Contract)
Hexaware Technologies,2023-05-22,"Flexible Shift aligned with Client requirementsTechnical solution experience in Contact center technology products from Avaya / Genesys / Nice / Cisco preferredIndia,preferably in Mumbai or Chennai.  . Experience in technical consultative selling and solution / account management 10 years experience in project / program management",Remote,40-45 Lacs PA,Assistant Vice President or Head (BD Presales-CX) Mumbai/Remote
Hexaware Technologies,2023-05-22,"Desired Candidate Profile . 15+ years of Experience post education / graduation Experience in vertical industry preferred like Retail,Healthcare,Manufacturing,Distribution and Services industriesIndia,preferably in Mumbai or Chennai10 years experience in project / program management",Remote,40-45 Lacs PA,Assistant Vice President or Head (BD Presales) - Mumbai/Remote
Allegis Group,2023-05-17," Dear Candidate,  Greetings from Allegis Global Solution!!!  COMPANY PROFILE:Allegis Group, Inc. is an international talent management firm headquartered in Hanover, Maryland, United States. As of 2018, it had US$13.4 billion in revenue, and 19,000 employees. It ranks fourth in the world. We are Hiring for Top MNC Companies for the position - Java Angular Developer. JD: Java Angular Developer Must - Experienced & Proficient in Core Java/Advanced Java/J2EE TechnologiesMust - Experienced & Proficient in JavaScript and Angular JS or any other JavaScript framework viz. Angular and  ReactMust - Experienced & understands architectural principles and frameworks (MVC, Spring and Hibernate are mandatory)Good to have - Sound knowledge of SQL Server, SQL queries and Stored ProceduresMust - Experienced & has a good understanding of Webservices/REST servicesMust - Understanding of code repository tools GitHubGood to have - Knowledge on Ant, Jenkin, JMeter are an added advantage Experience: 3- 6 YearsLocation: All DXC Location (currently WFH)Notice Period: 0 to 60 Days Mode of Interview: MS Teams  If interested kindly fill the below formhttps://forms.gle/7ZwRb3VkLticKaHE7 (Mandatory to fill)share the below details to desolanki@allegisglobalsolutions.com  Total Years Exp : Exp in relevant: Updated CV: Current Location: Preferred Location:Current Company: Current CTC: Expected CTC: Highest Qualification : Notice period:",Remote,Not disclosed,We are Hiring For Top MNC Companies For - Java Angular Developer!
Jacobs ,2023-05-24,"Jacobs Engineering Group Inc. is one of the world™s largest and most diverse providers of professional technical services. With annual revenues exceeding $5 billion, we offer full-spectrum support to industrial, commercial, and government clients across multiple markets. Services include scientific and specialty consulting as well as all aspects of engineering and construction, and operations & maintenance.Our primary markets include:-Aerospace and Defense-Automotive and Industrial-Buildings-Chemicals and Basic Resources-Consumer Products-Federal Programs-Forest Products-Infrastructure-Oil and Gas-Pharmaceuticals and Biotechnology-Refining-TechnologyOur fundamental business strategy is building long-term client relationships. With more than 55 years in the industry, we have attracted and retained clients by providing superior customer value€”in fact, over 90 percent of our work is repeat business from loyal clients. This strategy yields cost advantages, profits, and growth for us, allowing us to also attract and retain investors and thus fuel further growth. The combination of a loyal client base and steady growth enables us to attract and retain the industry€™s top talent. As a result of this sound business strategy, we are prospering in diverse markets, worldwide. Our global network includes more than 60 major offices in over 15 countries. We have operations in North America, the United Kingdom, Europe, India, Australia, and Asia. Our headquarters are in Pasadena, California.We are hiring for  Electrical  Engineer / Sr. Electrical Engineer - Data Center  for our site Jacobs.Experience: 5 to 10 years Location: Sites Qualification : B.E/BTech  - Electrical / Diploma  - Electrical JD - Sr. Engineer and Engineer - Electrical Experience of working in Data Center projects preferred.• Review and understand the scope of works along with BOQ .• Candidate should have sound knowledge of basic engineering principles and be well versed with the Indian Standard Codes.• Supervise to ensure that contractor is executing the construction activities as per the drawings, specifications and relevant codes/standards.• Study of drawings and obtain clarification through RFI’s for any discrepancies – missing details / mismatches - from Projects and Engineering.• Review and approve the quality plan, Inspection & Test plan and work procedures submitted by contractors. Monitor the compliance of quality requirement as per approved quality plan and ITP during execution.• Issuing of quality noncompliance note to contractors in case of sub-standard works and follow up with contractors for get it corrected. Maintain a tracker for the same.• Review and approve Erection Schemes / Installation procedures, resources requirements and work procedures submitted by contractors and ensure contractor is executing the work and meeting approved plans and procedures.• Performing of tests through contractor, witness and recording and maintaining documentation.• Monitor through contractors that QC check sheets are prepared and maintained for the works being executed• Co-ordinate with other discipline engineers for release of fronts to contractors.• Prepare and issue punch list on completion of each area. Follow up with contractors for attending and closing the punch lists.• Scrutiny and certification of contractor’s RA bills and final bills, whenever required.• Follow up with Projects / Engineering team to release the “Holds” if any in the drawings so that schedule is not affected.• Prepare and maintain joint measurement records for all the approved variations / changes.• Understanding and experience in implementation of HSE procedures.• Monitoring of work progress and Follow up with contractors for ensuring the adequacy of required labour resources, machineries and materials to complete the works as per schedule.• Any other works required for the project, as directed by Construction Manager to complete the E&I works.• Should have experience in Testing and commissioning of E&I jobs.• Should have effective communication skill to convey discrepancies /problem faced / expected at site to the respective lead and client as required.• Should have specific experience of supervising Data Center Plant projects.• Candidates must be good in written and verbal communicationInterested candidates please share resume on poonam.naik@jacobs.com",Remote,Not disclosed,Electrical Engineer Data Center  For our site Jacobs
Aspire Nxt,2023-05-16,"Experience working in an Agile / Scrum development process 3 + years solid experience in creating wireframes,storyboards,user flows Hands on Experience : Figma (Mandatory),Adobe suite,photoshop,XD,After Effects and premium Pro Good to have in HTML 5,CSS,and JavaScript for rapid prototypingExperience with design tools (Sketch,IN Vision,Adobe Creative Cloud,etc.)",Remote,Not disclosed,UX Designer
Allegis Group,2023-05-24,Experience: 6 to 10 . 5+ years of experience on D365 F&O supportExcellent customer-centric skills including very good English written and oral abilities Experience and knowledge of Microsoft Dynamics D365 F&O Development processes is essential,Remote,Not disclosed,D365 F&O Technical Consultant - (MNC Direct Payroll)
Ciena,2023-05-23,"Blue Planet R&D is seeking a technical lead with 10+ years of experience working in complex software environments who can lead a development team and also willing to contribute as a full stack developerThe flexibility to work independently and as part of a broader team you thrive in a multi-disciplinary team environment,but are comfortable working independently as required",Remote,Not disclosed,Java Full Stack Technical Lead
Ciena,2023-05-23,"SCOPE OF RESPONSIBILITIESShort paragraph explaining in the broadest terms what are the responsibilities of the position, i.e. what does the incumbent do?DIMENSION & SCOPE:This is a role within Ciena’s Program Management Team and leading a team of partner project managers, program managers and all Ciena/Partner project delivery teams for specific customers. The Project Manager will be required to lead directly a team of Partner Project Managers and Program Managers to deliver end to end deployment to customer’s expectations and Ciena contractual obligations. It requires owning the Project delivery associated with allocated customers within the territory, building relationships with medium-level customer personnel, representing many facets of the customer’s organisation, including finance, procurement, implementation and operations. The Project Manager works directly with his PSE/PM teams and with customers facilitating communication and translating operational requirements for the complete life cycle of the project, from pre-contract to acceptance of the solutions and completion of the Ciena financials.SPECIFIC RESPONSIBILITIESIn more specific terms, detail function-by-function / responsibility-by-responsibility what the incumbent is held accountable for over a given period of time, beginning with the major duties.PRIMARY DUTIES AND RESPONSIBILITIES:Deliver assigned customer projects to the agreed budget, timeline and quality. Work in close coordination with Partner Project Managers/Program Managers, Ciena and Partner PSE, Ciena Sales/Account Management, Ciena Finance, Ciena Logistics, Ciena Supply Chain, Ciena Legal and Ciena Marketing to ensure all areas of the commercial deal have oversight, understanding and appropriate approvals. Work with Sr. Manager/RSD to ensure revenue targets are delivered. Responsible for Project profitability and regular reporting to Ciena and customer management on progress Work with Supply Chain and Logistics to ensure deliveries meet contractual requirements Supporting the Sr. Manager/Regional Services Director (RSD) with accountability for each assigned account within the territorial region i.e. Revenue’s, Margin and Cost management. Conduct formal initiation of new programs and projects to ensure all relevant stakeholders within Ciena and the customer understand and take ownership for the deliverables required by the agreed commercial terms. Establish with project managers/program managers the risk, issue and change control regimes. Arbitrate and actively drive and participate in the decision making process, balancing the needs of the program and Ciena’s business needs. Work with the program team and functional groups to facilitate development field work packages, for new network builds or upgrades. Monitor and control the activities of the project team with the partner project managers/program managers, to coordinate and track field activity through the implementation of work packages. Field deployment may utilize direct or subcontract labour. Lead and facilitate frequent review meetings between relevant customer operational groups and corporate groups. Document and communicate customer needs, project status, exceptions and resolutions. Lead review of lessons learned to foster a culture for continual improvementUpdate systems to track project revenue streams and ensure knowledge is kept up to date on PSA.EDUCATION AND EXPERIENCE List appropriate work experience, education, and/or professional certification(s).Relevant experience in Telecommunication industry of at least 7 years, or equivalent in the areas of project management, program management, or customer service. Hold mid-level project/program management positions in telecommunication vendors or service providers will be preferred. Bachelors’ degree in computer science, engineering, business or related fields preferred. Masters degree a plus. Formal accreditation in program or project management e.g. PMP or PRINCE2 Practitioner is a plus. Experience with the following applicable telecommunication technologies a plus. DWDM, CWDM, Optical SDH (Core and Access), Packet Networking and SDN/NFV, etc.CANDIDATE PROFILEList appropriate knowledge, skills, and abilities.Broad business management skills. Financial management skills regarding Project Level P&L Strong communication skills: written and in formal presentations. A confident decision maker. Proven experience negotiating large, solutions-based sales with end-users. Demonstrated sense of quick and good judgment, with sensitivity to customer demands. Project management skills in keeping projects on schedule and assuring all relevant parties are informed on progress or issues. Demonstrated skills in desktop applications such as Excel, Word, PowerPoint, and project planning software. Negotiation skills essential. Self motivated and self driven Initiative within assigned responsibilities Team player, organized, self-motivated, and capable of independent work. Multitasking: able to manage many aspects of the account(s) simultaneously. Able to negotiate both with the customer, internal resource owners and external resource suppliers. Strong customer interface skills and ability to work with all levels of customer operations including senior management. History of working in a matrix management environment with success in motivating people without direct reporting relationships. Ability to learn and grasp business management as well as technical concepts in fiber optic or high-speed data communications. Strong understanding of Ciena’s products and technologies is a plus.The above statements are intended to describe the general nature and level of work being performed by people assigned to this job. They are not intended to be an exhaustive list of all responsibilities, duties and skills required of personnel so classified.",Remote,Not disclosed,Service Project Manager
Allegis Group,2023-05-22,Experience: 9 to 14,Remote,Not disclosed,Java FullStack Developer - (MNC Direct Payroll)
Allegis Group,2023-05-24,Current Company: Current CTC: Expected CTC: Highest Qualification : Notice period: . 5 + Relevant Experience in D365 CRM Technical . On Premise Exp Added Advantage Total Years Exp : Exp in relevant: Updated CV: Current Location: Preferred Location:(Pan Inddia)Experience: 6 to 9 Years,Remote,Not disclosed,D365 CRM Technical
Ciena,2023-05-23,"The flexibility to work independently and part of a broader team - you thrive in a multi-disciplinary team environment,but are comfortable working independently as required.  Experience with CI / CD pipeline creation and maintenance The Must Haves. Experience with Antora,a static site generator for documentation Experience with Git,web development,and HTML / CSS",Remote,Not disclosed,Web Technician
M/s. Rps Consulting,2023-05-23,Hi . we are looking for a freelance corporate trainer to deliver training on SOLIDserver DDI Administration Customer Training and SOLIDserver DDI Advanced Configuration Course (By Efficient IP),Remote,Not disclosed,Freelance corporate training on SOLIDserver DDI Administration
Finapsys Consultancy Services,2023-05-09,"Roles and Responsibilities Total Exp: 4 to 6 yearsNP: Immediate to 15 daysLocation: Bangalore(Hydride) Work from Home ROR Developer on Contract for 1 year and then on permanent payroll of our Client. 1 year payroll of Finapsys ConsultantsPlease share CV to jaanvii.gudipati@finapsys.co.inSkills: Ruby on rails (Must), rest skills mentioned in below jd.#Description#Our Client , an Employ brand, is an end-to-end Talent Acquisition Suite that takes a marketing-first approach to intelligently attract dream candidates, automatically screen for the highest quality, engage employees invested in the future, and retain the people who care the most about your organization by combining the power of AI and the human touch. Our Client is proud to serve a broad range of customers including Zappos, JPMorgan Chase, Ingram Micro, Trek Bikes, and Panasonic.What Will You Do:As a Software Engineer you will be entrusted with the design and development of web-based SaaS products that delight our customers and scale out to millions of users. Your responsibilities include collaborating with a high performing team to take products and features from inception through agile development and into our customers hands.As part of your job, you will work closely with product owners, designers, and other software engineers to come up with product designs, product features, and eventually build them in a rapid innovation environment. Youll collaborate with architects to build a scalable platform to support Our lLient rapid growth. Through it all, you will be on the lookout for new technologies and techniques that you can turn into products and help our Client maintain reputation as an innovation leader.What Will You Bring:BS, MS in Computer Science or closely related field.4+ years of professional experience in building and designing SaaS based web applications.Proven backend development skills with experience in a language like Ruby, Python, Java, or .NetKnowledge of open-source technologies such as Apache, Solr, Lucene, Elastic Search, Memcached.Experience working with Product Management to build and release products in an agile environment.You are familiar with SDLC tools like Ant, Maven, Git, SVN, Jenkins, Travis, Puppet, Ansible, Docker.You have some knowledge around how AWS services and deployments work.You have excellent interpersonal skills and can explain complex problems to technical and non-technical audience.Additional Skills:Experience in SaaS applications for HR related domains (Recruiting, Payroll, Benefits, etc.)Experience in a frontend framework like ReactKnowledge of containerized or serverless deploymentsURLs to share with us showing open-source contributions, websites youve worked on, questions youve answered on Stack Overflow, or anything else that shows off your expertise.Desired Candidate Profile Perks and Benefits ",Remote,15-25 Lacs PA,ROR Developer Contract
Ciena,2023-05-22,"The flexibility to work independently and as part of a broader team you thrive in a multi-disciplinary team environment,but are comfortable working independently as requiredHands-on experience of CI / CD pipeline configuration and maintenance Solid operational and administrator experience with Unix operation systems Good To Have",Remote,Not disclosed,Software Automation Test Engineer
Ciena,2023-05-22,A formal education in a technical or science related subject as well as experience in telecoms would provide a good foundation for this role,Remote,Not disclosed,Subsea Post Sale Engineer (PSE)
KIS Academics Pty Ltd,2023-05-09,100% work from home and remote Fast-growing Australian company - gain experience working with international colleagues Willingness to work with an overseas team,Remote,10-14 Lacs PA,SEO Web Developer
Allegis Group,2023-05-18,Experience: 9 to 14 Years.,Remote,Not disclosed,Senior Devops Engineer
Ciena,2023-05-22,"The flexibility towork independentlyand as part of a broader team you thrive in a multi-disciplinary team environment,but are comfortable working independently as requiredThe Must Haves:  . Demonstrable skills working UI / UX Design and developing high performance UIsExperience with Angular 2+,Typescript,Javascript,HTML,CSS,SVG,djs,npm,gulp,JasmineGood To Have",Remote,Not disclosed,Associate UI Developer (Angular 2+)
Ciena,2023-05-22,"We are looking for JavaFull Stack Developers who are prepared to shape the future of all UIs/Backend company products used by customers around the world and working in a highly professional team of product developers. The teams focus is on high quality, high reusability, and high customizability of UI/Backend components.Design, development, unit testing, documentation and analysis of modules or features of new or upgraded software systems and productsImplementing according to project plans and priorities.Ability to work independently with good technical interpersonal skills to collaborate both in the team and outside the team.Crafting / Extending UI generic reusable and configurable/customizable components like grids and reports using in-house core product modules as well as looking at applicable standard methodologies outside the companyCrafting / Extending Rest APIs in Java/J2EE with Spring MVCWriting queries, procedures on databases primarily Neo4j, PostgreSQL, OracleLearning the existing code, coding and documentation standards and extending the core product components without breaking backwards compatibility and with adhering to coding/documentation standards.What Does Ciena Expect of You?Initiative Youre a self-starter who works with limited direction and is committed to delivering against aggressive deadlines.Agility you are readily able to make key decisions and manage competing and ever-changing priorities.Communication expertise you possess the ability to influence and tailor your message and ideas to the audience to ensure understanding and agreement.The flexibility towork independentlyand aspart of a broader team you thrive in a multi-disciplinary team environment, but are comfortable working independently as required.Relationship builder with an ability to influence, youre able to quickly develop trusted connections and get work done across multi sites.A commitment to innovation you keep abreast of the market and competitive developments and are always keen to formulate new ideas and problem solve.A passion for coaching fully understanding and appreciating the power of the mentorship role.The Must HavesRequired experience and skills Bachelors/masters in computer science with good experiencein software development. Backend languages: Java 11+/J2EEBackend frameworks/libraries: maven, Spring frameworkDB: PostgreSQLProgramming theory: relational and graph database conceptsFrontend languages: Typescript/JavaScript, html, CSSFrontend frameworks/libraries: Angular 8+, Node.js/npmProgramming theory: algorithms and data structuresAssets:Distributed, highly available systems running at large scalePreferred Domain: Telecom, OSS Qualifications and skillsBachelor Degree in Engineering / Bachelor of Computer Applications / Master of Computer Applications7+ years of professional software development experience.Experience working on large-scale software projectsFamiliar with building sophisticated web applications using Angular, Java and Spring, KafkaExperience with crafting highly interactive web applications with performance, scalability, accessibility, usability, design, and security in mindValidated software development background including design patterns, data structures, test driven development.Experience with distributed (multi-tiered) systems, algorithms, and relational and Graph databasesAbility to work in an Agile environmentValidated understanding of a variety of programming tools and development platforms. Knowledge of development tools such as Git, Jira, Bitbucket, Jenkins, Grafana, Docker, KubernetesExcellent interpersonal and leadership abilitiesResponsibilitiesMentoring and support both within in the immediate team and in the wider Blue Planet organisationIndependent working with teamwork within a distributed teamAttending calls, communicating work, discussion with project team membersEvaluate and recommend tools, technologies and processes to ensure the highest quality product platformDesign, develop and implement software solutions to address business issuesFixing and resolving issues with coding or designProvide architectural blueprints and technical leadershipStrong communication and presentation skillsLOCATION- REMOTE",Remote,Not disclosed,Tech Lead- Fullstack Developer
Allegis Group,2023-05-24,Experience: 4 to 9 Years.,Remote,Not disclosed,D365 F&O Finance Functional - MNC - Direct Payroll
3Pillar,2023-05-14," We are looking for a Technical Lead with 8 to 13 years of experience in Java/Angular development, if you are a Java Full Stack genius and enjoy working on interesting technical problems with other talented people in a friendly, creative environment, we want to hear from you. The candidate is responsible for the success of a project by delivering components that exhibit strong competency in one or more core technology and conversance with best practices. 3Pillar is driven by lean and agile principles; if you have a similar mindset, we encourage you to apply.We are 3PILLAR GLOBALWe build breakthrough software products that power digital businesses. We are an innovative product development partner whose solutions drive rapid revenue, market share, and customer growth for industry leaders in Software and SaaS, Media and Publishing, Information Services, and Retail. Our key differentiator is our Product Mindset. Our development teams focus on building for outcomes and all of our team members around the globe are trained on the Product Mindsets core values  Minimize Time to Value, Solve For Need, and Excel at Change. Our teams apply this mindset to build digital products that are customer-facing and revenue-generating. Our business-minded approach to agile development ensures that we align to client goals from the earliest conceptual stages through market launch and beyond.Roles and Responsibilities Maintains an open, mutual and respected relationship with clients, stakeholders and team membersIs one of the main contributors to planning sessions, team meetings, and other rituals,” such as the daily standup, iteration planning, iteration kickoff, iteration review, and retrospectivesWorks proactively to understand project backlog of work for one or more sprints ahead asking for clarity of requirements and acceptance criteria where required.Helps removes roadblocks to delivery successHelps the other team members to follow the defined process, and contributes to process improvement effortsUnderstands the client’s business strategy and objectives as it relates to the product being developed; taking all the actions required to meet or exceed client’s expectationsCommunicates effectively within the team and with all stakeholders by providing high-quality visibility into planned and actual deliverablesProactively communicates feedback and issues to the client and works with appropriate individuals to do soCollaborates with senior team members (EM/TM) to communicate project risks to clientIs a model developer, with sharp coding skills and a passion for excellenceLeads the coding, architecture, and design activities, and helps with requirements, analysis, and testing as neededConsistently chooses the right frameworks for the business solutionIs reviewing the code of the other team members, providing constructive feedback, and helping to increase delivery qualityAble to act as an interface between multiple teams (when required)Able to manage a complete toolset for streamlined developmentAble to identify technical debt, and motivate team members to resolve itShares information on new technology that could be used in projectsHas deep knowledge of more than one core programming language, on both frontend and backendEnsures product quality through effective monitoring of quality trends, test automation, defect tracking, and root cause analysisActively guides, mentors, and motivates individuals within his teamUnderstands how various requirements impact project budget and new revenue opportunities,Optimizes delivery, meets deadlines, and delivers resultsDemonstrates unexpected value to your clientUnderstands complimentary product development capabilities and the interactions between disciplinesParticipates in holistic discussions about the broader product development lifecycle,Watches for triggering events, including changes within the organization or outside world that provide opportunities or create risks for 3PillarProactively involved in internal or external communities of practice and encourage others to do the sameParticipates in candidate interviews and talent managementDevelops strong relationships with client personnel working directly on the accountTechnical Skills required Strong Java/J2EE development experience with demonstrated ability to develop and troubleshoot large mission applications & software productsExperience in exception handling, correct use of data structures, multi-threaded programming, memory management, and application tuningExcellent exposure to Object Oriented Design skills using Java/J2ee along with:Having Angular ExperienceCore Java language (collections, concurrency/multithreading)Web Technologies (Struts/Struts 2, Spring (IOP, MVC, AOP), Hibernate, JSP, Web services)Database optimization and profilingEIP, Core/JEE/Integration Design patterns/UML Excellent exposure to microservices design and developmentExposure to no SQL, in-memory databases, scaled architectures Hands-on knowledge of Unit TestingGood hands-on experience with RDBMS like MySQL/Oracle with the ability to write SQL Queries/Stored Procedures/Triggers/Joins/Views etc.Practical application of software product development standards and methodologies including Agile, XP, Kanban, and UML.Has deep knowledge of more than one core programming language, on both frontend and backendAbility to apply design patterns consistently and also accurately when building per design requirementsGood experience in source control, unit testing, code verification, static code analysis, , documentation, automated build, continuous integration, metrics, and code reviews.Must have some experience with a Cloud provider (like AWS/Azure/GCP)Demonstrated problem-solving, analytic, and troubleshooting skills. Strong written and oral communication skills are required to effectively engage internal stakeholders and their technical representatives.  BenefitsA competitive annual salary based on experience and market demandsFlexi-timingsMedical insurance with the option to purchase a premium plan or HSA option for your entire familyMeal PassWork From Anywhere PolicyRegular Health check-up camps arranged by the companyRecreational activitiesBusiness casual atmosphere",Remote,Not disclosed,Technical Lead - FullStack Java/Angular (Work From Anywhere)
Ciena,2023-05-22,"The flexibility to work independently and as part of a broader team you thrive in a multi-disciplinary team environment,but are comfortable working independently as requiredBachelors Degree in engineering Bachelor of Computer Applications Master of Computer Applications 7+ years of professional software development experience",Remote,Not disclosed,Java Support Engineer
Ciena,2023-05-22,The Must Haves:  . BS in CS / IT/EE or related field Proficient in Python development in Linux environment with synchronous and asynchronous programming patterns4+ of professional experience in development in micro-services environment,Remote,Not disclosed,Python Developer (Networking domain)
3Pillar,2023-05-14,"Requirement analysis,Coding,design,implementation,testing,problem analysis and resolution,and technical documentation Hibernate / any ORM and Java Must have at least 2 years of Experience with Angular Vs.2 / 4/6 / 8 or above Technical Skills required Must have Spring 3 & above/ Springboot",Remote,Not disclosed,Senior Software Engineer - FullStack Java/Angular (Work From Anywhere)
3Pillar,2023-05-14," 3Pillar Global is looking for a Senior Quality Assurance Engineer who has 4-8 years of experience with QA Performance Testing. We are a company that leverages the best of new and emerging technologies to create revenue-generating software products for its clients. We are a leading company in the Product Development Services (PDS) space, exhibiting an astute focus on delivering innovative outcomes for our clients. A rewarding career at 3Pillar Global beckons you!We are 3PILLAR GLOBAL We build breakthrough software products that power digital businesses. We are an innovative product development partner whose solutions drive rapid revenue, market share, and customer growth for industry leaders in Software and SaaS, Media and Publishing, Information Services, and Retail. Our key differentiator is our Product Mindset. Our development teams focus on building for outcomes and all of our team members around the globe are trained on the Product Mindsets and core values to Minimize Time to Value, Solve For Needs, and Excel at Change. Our teams apply this mindset to build digital products that are customer-facing and revenue-generating. Our business-minded approach to agile development ensures that we align with client goals from the earliest conceptual stages through market launch and beyond.In 2023, 3Pillar Global India was named a Great Place to Work for the sixth year in a row based on how our employees feel about our company, collaborative culture, and work/life balance - come join our growing team!* Immediate Joiners will be preferredRoles and Responsibilities Review and comprehend product specifications to develop a clear, detailed understanding of project requirementsCollaborate with other team members to determine product testing priorities, develop a level of effort estimates, and track and report progressWrite performance test plans, create and automate test casesExecute test cases including collecting system and Java performance data during testing.Consolidate test results into clear and concise reportsCreate and track detailed JIRA issues for any performance or scalability problemsWork closely with functional testers to ensure that any functional issues that may be revealed during performance testing are verified and reportedWork with product managers to assess the impact and severity of performance issues and identify and track issues that must be fixedWork closely with developers to identify the root cause of performance problemsRapidly iterate through testing of solutions to verify their effectivenessDesired Candidate Profile Technologies used on the project:Must have: developing and executing automated performance tests utilizing JMeterExperience with Linux/Unix OS command-line and shell scriptingknowledge of SQLexperience with Java programming and debuggingExperience with wildfly. Apache web servers, JBoss and Tomcat app serverDatadog Nice to have: Experience working on Docker or KubernetesInfluxDB & GrafanaSumo LogicPerks and Benefits Flexi-timings / Work From Anywhere PolicyA competitive annual salary based on experience and market demandsMedical insurance with the option to purchase a premium plan or HSA option for your entire familyIn-house Food & RefreshmentsRegular Health check-up camps arranged by the companyRecreational activitiesBusiness casual atmosphere",Remote,Not disclosed,Senior Quality Assurance Engineer - Performance (Work From Anywhere)
Hexaware Technologies,2023-05-22,"Flexible Shift aligned with Client requirementsTechnical solution experience in Contact center technology products from Avaya / Genesys / Nice / Cisco preferredIndia,preferably in Mumbai or Chennai.  . Experience in technical consultative selling and solution / account management 10 years experience in project / program management",Remote,40-45 Lacs PA,Assistant Vice President or Head (BD Presales-CX) Mumbai/Remote
3Pillar,2023-05-14,"Involved in requirement analysis,design,implementation,testing,problem analysis and resolution,and technical documentation,Experience also includes requirements definition,high-level design,prototyping,team management,development,testing,and maintenanceShould be able to relate technology with cost and quality",Remote,Not disclosed,Architect - Java
Hexaware Technologies,2023-05-22,"Desired Candidate Profile . 15+ years of Experience post education / graduation Experience in vertical industry preferred like Retail,Healthcare,Manufacturing,Distribution and Services industriesIndia,preferably in Mumbai or Chennai10 years experience in project / program management",Remote,40-45 Lacs PA,Assistant Vice President or Head (BD Presales) - Mumbai/Remote
