agency,description,name,price
The Maricopa Real Estate Co,"Beds,Baths,Sq.Ft.,3,2,2,378","20727 N La Entrada Road,Hidden Valley","$1,000,000"
Richmond American Homes,"Beds,Baths,Sq.Ft.,3,2,F,1,1/2,2,580","40874 W Desert Fairways Drive,Rancho El Dorado Phase Iii Parcel 43/48","$693,890"
Exp Realty,"Beds,Baths,Sq.Ft.,3,3,F,1,1/2,3,899","22015 N Diamond Drive,Rancho El Dorado Phase Iii Parcel 40/41","$659,000"
Realty One Group,"Beds,Baths,Sq.Ft.,3,2,F,1,1/2,3,134","16779 W Holly Street,Pebblecreek","$1,372,000"
Prestige Realty,"Beds,Baths,Sq.Ft.,5,3,3,955","42762 W Bravo Drive,Phase Ii Parcel 14 At Rancho El Dorado","$639,000"
Exp Realty,"Beds,Baths,Sq.Ft.,5,3,F,1,1/2,4,929","12797 S 179th Drive,Estrella Mountain Ranch Parcel 95A","$1,250,000"
Exp Realty,"Beds,Baths,Sq.Ft.,7,5,3,646","16443 W Papago Street,Sarival Gardens","$1,200,000"
West Usa Realty,"Beds,Baths,Sq.Ft.,3,2,F,1,1/2,2,117","10502 N Candido Road,S19 T5s R2e","$625,000"
Trelora Realty,"Beds,Baths,Sq.Ft.,5,3,3,017","21676 N Backus Drive,Rancho El Dorado Phase Ii","$625,000"
Realty One Group,"Beds,Baths,Sq.Ft.,2,2,F,1,1/2,3,039","3183 N 159th Avenue,Pebblecreek Phase 2 Unit 26","$1,199,000"
Homesmart,"Beds,Baths,Sq.Ft.,4,4,F,1,1/2,3,878","18078 W Wind Drift Drive,Estrella Mountain Ranch","$1,150,000"
My Home Group Real Estate,"Beds,Baths,Sq.Ft.,5,5,F,1,1/2,6,298","2017 E La Vieve Lane,Circle G Ranches 4 Unit 1","$4,250,000"
Rhouse Realty,"Beds,Baths,Sq.Ft.,5,4,3,293","41823 W Sussex Drive,Glennwilde","$599,900"
"Real Broker Az, Llc","Beds,Baths,Sq.Ft.,4,2,2,420","51631 W Turney Lane,S35 T6s R2e","$599,900"
Desert Properties Realty,"Beds,Baths,Sq.Ft.,3,3,F,1,1/2,2,764","2864 N 168th Avenue,Pebblecreek Phase 2 Unit 60","$1,125,000"
West Usa Realty,"Beds,Baths,Sq.Ft.,3,2,F,1,1/2,2,600","16465 W Holly Street,Pebblecreek Phase 2 Unit 52","$1,024,900"
Russ Lyon Sotheby's International Realty,"Beds,Baths,Sq.Ft.,5,7,9,031","1001 E Caroline Lane,Corona Vista","$3,250,000"
Realty One Group,"Beds,Baths,Sq.Ft.,6,4,5,137","2181 E La Vieve Lane,Circle G Ranches 4-3 Amd","$1,975,000"
"Cactus Mountain Properties, Llc","Beds,Baths,Sq.Ft.,3,3,2,601","41993 W Sequoia Drive,Province Parcel 8","$599,000"
Tri Pointe Homes Arizona Realty,"Beds,Baths,Sq.Ft.,4,4,F,1,1/2,4,347","18176 W Coolidge Street,Sedella Parcel 2C","$999,823"
Tri Pointe Homes Arizona Realty,"Beds,Baths,Sq.Ft.,3,4,F,1,1/2,4,347","18211 W Meadowbrook Avenue,Sedella","$997,085"
Berkshire Hathaway Homeservices Arizona Properties,"Beds,Baths,Sq.Ft.,4,3,F,1,1/2,4,768","1225 E Warner Road #1,Wingfoot","$1,699,500"
Homesmart Lifestyles,"Beds,Baths,Sq.Ft.,4,3,F,1,1/2,3,431","2059 E La Vieve Lane,Circle G Ranches 4 Unit 1","$1,599,000"
"Congress Realty, Inc.","Beds,Baths,Sq.Ft.,8,4,3,920","36896 W Leonessa Avenue,Sorrento Parcel 3","$585,000"
The Offer Company,"Beds,Baths,Sq.Ft.,6,4,F,1,1/2,5,109","18372 W Monterosa Street,Sedella Parcel 4B","$992,000"
Berkshire Hathaway Homeservices Arizona Properties,"Beds,Baths,Sq.Ft.,5,3,F,1,1/2,3,419","4428 N 185th Avenue,Sedella Parcel 4C","$990,000"
Coldwell Banker Realty,"Beds,Baths,Sq.Ft.,5,3,F,1,1/2,4,174","9338 S Stanley Place,Corona Ranch Lot 1-43 Tr A-C","$1,450,000"
Precision Real Estate,"Beds,Baths,Sq.Ft.,5,3,3,955","22043 N O Sullivan Drive,Phase Ii Parcel 14 At Rancho El Dorado","$580,000"
"Cactus Mountain Properties, Llc","Beds,Baths,Sq.Ft.,3,2,F,1,1/2,2,352","42419 W Blue Suede Shoes Lane,Province","$579,000"
Realty One Group,"Beds,Baths,Sq.Ft.,3,3,F,1,1/2,2,538","16434 W Berkeley Road,Pebblecreek Phase 2 Unit 58","$989,000"
Realty Executives,"Beds,Baths,Sq.Ft.,6,5,1,780","1224 S Maple Avenue,Park Tract","$1,395,000"
Walt Danley Local Luxury Christie's International Real Estate,"Beds,Baths,Sq.Ft.,2,2,1,842","140 E Rio Salado Parkway #506,Bridgeview At Hayden Ferry Lakeside Condominium Am","$1,200,000"
Your Home Sold Guaranteed Realty,"Beds,Baths,Sq.Ft.,4,2,F,1,1/2,3,895","1526 E La Vieve Lane,Corona Del Sol Estates","$1,185,000"
Prosmart Realty,"Beds,Baths,Sq.Ft.,5,3,3,140","8309 S Terrace Road,Buena Vista Ranchos","$1,185,000"
Prestige Realty,"Beds,Baths,Sq.Ft.,5,5,F,1,1/2,2,960","3924 S Kyrene Road,Coyote Crossing","$1,125,000"
West Usa Realty,"Beds,Baths,Sq.Ft.,5,4,2,025","522 W 9th Street,Mitchell Sub","$1,100,000"
